{"best_reward_running":523.10546875,"epoch":20,"gap":-24.140625,"batch_max_reward":466.296875,"_step":223,"z":14.737977027893066,"_timestamp":1.746278286936009e+09,"follower_val":540.6523437999999,"_wandb":{"runtime":19},"loss":1.0526803731918335,"iteration":4,"master_val":564.7929687999999,"_runtime":19.319065}