{"epoch": 12, "loss": 1.0998820066452026, "batch_max_reward": 774.19921875, "best_reward_running": 798.52734375, "z": 22.423290252685547, "_timestamp": 1746229167.881216, "_runtime": 31.984100103378296, "_step": 103, "iteration": 8, "master_val": 867.0000000499999, "follower_val": 798.5273437999999, "gap": -68.47265625, "valid": false, "reason": "no_new_cuts_15", "_wandb": {"runtime": 31}}