{"z":14.68760871887207,"batch_max_reward":474.67578125,"_timestamp":1.746278307966333e+09,"master_final":563.8945312999999,"best_reward_running":563.89453125,"_runtime":17.097253,"_wandb":{"runtime":17},"iterations":4,"runtime_sec":16.174397945404053,"iteration":4,"gap":0,"follower_val":563.8945312999999,"master_val":563.8945312999999,"follower_final":563.8945312999999,"_step":204,"epoch":50,"loss":0.9018386602401733}