{"runtime_sec":12.491599082946777,"master_val":563.8945312999999,"loss":1.1539225578308105,"_timestamp":1.746229872471661e+09,"follower_val":563.8945312999999,"gap":0,"follower_final":563.8945312999999,"_runtime":13.524582,"best_reward_running":563.89453125,"iteration":3,"master_final":563.8945312999999,"_wandb":{"runtime":13},"z":14.769952774047852,"_step":153,"batch_max_reward":489.89453125,"epoch":50,"iterations":3}