{"epoch": 79, "loss": 1.320396065711975, "batch_max_reward": 538.68359375, "best_reward_running": 564.7890625, "z": 14.95167064666748, "_timestamp": 1746229490.7881138, "_runtime": 32.369184732437134, "_step": 320, "iteration": 4, "master_val": 564.7890625, "follower_val": 564.7890625, "gap": 0.0, "master_final": 564.7890625, "follower_final": 564.7890625, "iterations": 4, "_wandb": {"runtime": 32}}