{"epoch":50,"gap":0,"follower_final":421.47265625,"master_final":421.47265625,"_wandb":{"runtime":9},"master_val":421.47265625,"iteration":2,"follower_val":421.47265625,"batch_max_reward":381.09765625,"_runtime":9.535747,"best_reward_running":421.47265625,"iterations":2,"_timestamp":1.7462270846034229e+09,"z":13.5387544631958,"_step":102,"loss":0.9158337712287903}