{"epoch": 36, "loss": 1.1177021265029907, "batch_max_reward": 497.3515625, "best_reward_running": 567.6015625, "z": 14.729700088500977, "_timestamp": 1746229967.075824, "_runtime": 21.489583015441895, "_step": 185, "iteration": 5, "master_val": 567.6015625, "follower_val": 567.6015625, "gap": 0.0, "master_final": 567.6015625, "follower_final": 567.6015625, "iterations": 5, "runtime_sec": 19.11991596221924, "_wandb": {"runtime": 21}}