{"epoch": 5, "loss": 0.7354856133460999, "batch_max_reward": 702.3125, "best_reward_running": 770.00390625, "z": 22.607938766479492, "_timestamp": 1746228032.698793, "_runtime": 24.93329095840454, "_step": 143, "iteration": 24, "master_val": 867.0000000499999, "follower_val": 770.0039062999999, "gap": -96.99609375, "valid": false, "reason": "no_new_cuts_15", "_wandb": {"runtime": 24}}