{"follower_val":600.3828124500001,"master_val":668.1445312000001,"iteration":22,"gap":-67.76171875,"batch_max_reward":513.4140625,"_timestamp":1.7462270522967858e+09,"_wandb":{"runtime":157},"z":17.92115592956543,"_runtime":157.323309,"_step":1138,"epoch":17,"best_reward_running":618.40625,"loss":0.9820462465286255}