{"epoch": 33, "loss": 1.1563478708267212, "batch_max_reward": 737.55859375, "best_reward_running": 816.32421875, "z": 22.578330993652344, "_timestamp": 1746227939.137859, "_runtime": 90.06918907165527, "_step": 645, "iteration": 19, "master_val": 866.0000000499999, "follower_val": 816.3242187999999, "gap": -49.67578125, "valid": false, "reason": "no_new_cuts_15", "_wandb": {"runtime": 89}}