{"epoch":50,"_timestamp":1.7462249710892339e+09,"best_reward_running":403,"z":13.24719524383545,"follower_val":403,"batch_max_reward":315.78515625,"iterations":2,"iteration":2,"follower_final":403,"_wandb":{"runtime":9},"master_final":403,"gap":0,"master_val":403,"_runtime":9.494667,"_step":102,"loss":1.0975457429885864}