{"gap":0,"master_val":403,"best_reward_running":403,"_step":203,"follower_val":403,"iteration":4,"_wandb":{"runtime":17},"batch_max_reward":346.390625,"loss":1.0323090553283691,"_timestamp":1.7462243970370402e+09,"epoch":50,"_runtime":17.483859}