{"epoch": 8, "loss": 1.1891469955444336, "batch_max_reward": 772.9921875, "best_reward_running": 805.79296875, "z": 22.379453659057617, "_timestamp": 1746227995.119678, "_runtime": 44.02024507522583, "_step": 314, "iteration": 35, "master_val": 898.0000000499999, "follower_val": 805.7929687999999, "gap": -92.20703125, "valid": false, "reason": "no_new_cuts_15", "_wandb": {"runtime": 43}}