{"epoch": 37, "loss": 1.1735012531280518, "batch_max_reward": 493.7109375, "best_reward_running": 537.7890625, "z": 14.659174919128418, "_timestamp": 1746230002.598638, "_runtime": 25.469141006469727, "_step": 265, "iteration": 7, "master_val": 563.8945312999999, "follower_val": 537.7890625499999, "gap": -26.10546875, "valid": false, "reason": "no_new_cuts_15", "_wandb": {"runtime": 25}}