{"iteration":3,"master_final":563.8945312999999,"gap":0,"loss":1.0856049060821533,"iterations":3,"_timestamp":1.746277113873e+09,"runtime_sec":12.674769163131714,"_step":153,"epoch":50,"_runtime":15.016581,"master_val":563.8945312999999,"follower_val":563.8945312999999,"batch_max_reward":537.7890625,"_wandb":{"runtime":15},"z":14.710450172424316,"follower_final":563.8945312999999,"best_reward_running":563.89453125}