{"epoch": 72, "loss": 0.9875497221946716, "batch_max_reward": 467.05859375, "best_reward_running": 564.7890625, "z": 14.701422691345215, "_timestamp": 1746229547.4574468, "_runtime": 43.279398918151855, "_step": 438, "iteration": 6, "master_val": 564.7890625, "follower_val": 564.7890625, "gap": 0.0, "master_final": 564.7890625, "follower_final": 564.7890625, "iterations": 6, "_wandb": {"runtime": 42}}