{"_timestamp":1.746228726039315e+09,"z":14.708086967468262,"epoch":50,"_step":153,"_wandb":{"runtime":13},"follower_final":563.8945312999999,"_runtime":13.343169,"gap":0,"follower_val":563.8945312999999,"best_reward_running":563.89453125,"batch_max_reward":493.7109375,"master_val":563.8945312999999,"loss":1.0284254550933838,"master_final":563.8945312999999,"iterations":3,"iteration":3}